EBELN,EBELP,BSART,BSTYP,STATU,AEDAT,BEDAT,LIFNR,VENDOR_NAME,EKORG,EKGRP,WAERS,WKURS,MATNR,TXZ01,MATKL,WERKS,LGORT,MENGE,MEINS,NETPR,NETWR,BWART,BUDAT,MBLNR,MJAHR,ZEILE,KOSTL,AUFNR,INCO1,ZTERMS,LOEKZ,SECTION_SOURCE
4500001386,30,ZFUE,F,E,20230202,31.03.2023,100042,BPCL Fuel Supply Ltd,IN00,PET,INR,1,LUBE-00111,Engine Oil 15W40,LUBR,IN_MUM,TK02,30141,L,90.61,2731076.01,102,20230812,5000000851,2023,4,MFUEL01,600000045,FOB,NT30,,PRD_DE_SE16N
4516350753,10,ZFUE,F,E,05.10.2024,20240719,800022,Gulf Oil Lubricants India,ZIND,ZF1,INR,,ADV-00200,AdBlue DEF Solution,CHEM,CHN1,,35258,L,85.46,3013148.68,122,06.01.2024,5000083320,2024,2,MFUEL01,600000001,FOB,NT45,,PRD_DE_SE16N
4500001727,10,ZFUE,F,,20231120,08/23/2023,200078,HPCL Petroleum Corp,CORP,ZF1,INR,1,HFO-00009,Heavy Fuel Oil 380 CST,FUEL,IN02,TANK,188.639,MT,95010.94,17922768.71,541,20230309,,,,MFUEL01,,,14,,PRD_DE_SE16N
4500001623,30,ZNB,F,B,02-09-2024,20230307,500033,Shell India Markets Pvt,1000,F01,INR,,HFO-00009,Heavy Fuel Oil,FUEL,MUMB,FUEL,111.092,TO,95539.45,10613668.58,101,20240625,5000014621,2024,4,,,CFR,NT45,,PRD_DE_SE16N
4500001105,30,ZFU,F,U,20240515,01.01.2023,800022,Gulf Oil Lubricants India,ZIND,PET,INR,1,LUBE-00112,Hydraulic Oil 46,LUBR,IN_MUM,FT01,41600,L,"88,08",3664128,101,01-07-2024,5000099693,2025,2,CC-DEL-002,OR-2024-002,,Z030,,PRD_DE_SE16N
4500000248,10,FO,F,U,20240721,20231213,600047,Essar Oil,CORP,10,INR,,LUBE-00112,Hydraulic Oil 46,LUBR,2100,TK02,35421,L,"85,59",3031683.39,122,20230814,5000087684,2024,2,2000010,OR-2024-002,,Z030,,PRD_DE_SE16N
4500000125,20,ZFUE,F,U,14.07.2023,20230422,300015,IOC Bulk Fuels,CORP,ZZ1,INR,1,KER-00004,Kerosene SKO,FUEL,IN04,,142.88,KL,87498.06,12501722.81,102,20230524,5000001934,2023,2,,OR-2024-002,CIF,NT45,,PRD_DE_SE16N
4500000608,10,ZNB,F,B,04.03.2023,16.08.2024,300015,IOC Bulk Fuels,INPU,11,INR,,HFO-00009,Heavy Fuel Oil 380 CST,FUEL,4000,TK01,95.881,MT,95355.1,9142742.34,101,20230228,5000052923,2023,5,CC-DEL-002,OR-2024-001,DDP,Z045,,PRD_DE_SE16N
4500001903,10,UB,U,,30-07-2024,20230110,200078,HPCL Petroleum Corp,CORP,FUL,USD,,LUBE-00111,Engine Oil 15W40,LUBR,IN03,,25344,L,1.03,26104.32,541,17.03.2023,,,,1000010,,CIF,Z045,,PRD_DE_SE16N
4500001239,20,ZFU,F,U,28.09.2023,28.07.2023,200078,HPCL Petroleum Corp,1000,F02,INR,,LUBE-00111,Engine Oil 15W40,LUBR,IN_MUM,TK02,42321,L,85.92,3636220.32,261,15-09-2023,,,,CC-MUM-001,,CIF,NT30,,PRD_DE_SE16N
4500000632,10,ZNB,F,U,13.09.2023,20240102,500033,Shell India Markets Pvt,INPU,FUL,,,HSD-00001,High Speed Diesel BS-VI,FUEL,MUMB,1,442.647,KL,89063.77,39423810.6,101,12/29/2023,5000023509,2025,3,CC-CHN-003,600000045,EXW,Z045,,PRD_DE_SE16N
4500000626,10,UB,U,,20230717,20230817,400091,  Reliance Industries Ltd,CORP,PET,INR,1,HSD-00001,High Speed Diesel BS-VI,FUEL,IN_MUM,TANK,483.61,KL,87791.25,42456726.41,541,10/13/2023,,,,CC-DEL-002,600000001,DDP,14,,PRD_DE_SE16N
4500000004,30,NB,F,E,20240317,20241117,100042,BPCL Fuel Supply Ltd,ZIND,PET,USD,83.5142,GRSE-0031,Grease MP2,LUBR,AHM1,TK02,315.35,KG,3.59,1132.11,551,11-11-2024,,,,,,DAP,Z045,,PRD_DE_SE16N
4500000906,30,UB,U,B,23.06.2023,04/29/2024,300015,IOC Bulk Fuels,IN00,11,USD,83.8456,LUBE-00112,Hydraulic Oil 46,LUBR,1000,1,31684,L,1.06,33585.04,122,18.10.2023,5000032092,2024,5,1000010,600000045,EXW,,,PRD_DE_SE16N
4500000103,10,ZNB,F,E,20.04.2024,20240412,200078,HPCL Petroleum Corp,1000,11,INR,1,HSD-00001,High Speed Diesel BS-VI,FUEL,IN02,,190.058,TO,95131.41,18080485.52,122,26.07.2024,5000058446,2023,4,,,,Z030,,PRD_DE_SE16N
4500000284,20,ZFU,F,U,20230307,06.06.2023,600047,Essar Oil,IN00,ZF1,USD,83.6682,LUBE-00112,Hydraulic Oil 46,LUBR,IN01,1,20847,L,1.04,21680.88,102,05.12.2023,5000046105,2024,4,MFUEL01,600000045,EXW,SOFO,,PRD_DE_SE16N
4500001722,10,ZFUE,F,U,08.02.2024,29.09.2024,400091,Reliance Industries,CORP,10,,,HSD-00001,High Speed Diesel BS-VI,FUEL,IN04,TK01,128.907,TO,89085.6,11483757.44,101,20241109,5000059598,2024,3,CC-MUM-001,,,Z045,,PRD_DE_SE16N
4514148725,10,ZFUE,F,U,20230902,21.01.2023,100042,BPCL Fuel Supply Ltd,INPU,PET,INR,1,HSD-00001,High Speed Diesel BS-VI,FUEL,5000,TK02,474.14,KL,89650.34,42506812.21,101,20241116,5000014168,2025,1,CC-DEL-002,OR-2024-002,FOB,Z030,,PRD_DE_SE16N
4500001355,30,FO,F,,03-06-2024,20241025,800022,Gulf Oil Lubricants India,ZIND,F01,USD,,MS-000023,Motor Spirit Petrol BS-VI,FUEL,3000,,184.283,KL,1124.74,207270.46,551,20230419,,,,1000020,600000045,FOB,Z045,,PRD_DE_SE16N
4500001743,20,NB,F,B,20230922,20230806,700088,Petronet LNG Ltd,ZIND,11,USD,,HFO-00009,Heavy Fuel Oil 380 CST,FUEL,IN02,TK01,55.977,MT,1054.86,59047.9,122,02.09.2024,5000090519,2024,4,,,EXW,Z045,,PRD_DE_SE16N
4500000555,10,ZFUE,F,,20231120,04.05.2023,400091,  Reliance Industries,CORP,10,USD,83.6792,ADV-00200,AdBlue DEF Solution,CHEM,CHN1,FT01,34539,L,1.04,35920.56,122,02-07-2024,5000025443,2024,2,,,CFR,1,,PRD_DE_SE16N
4500000903,10,FO,F,U,20240504,16-09-2023,300015,IOC Bulk Fuels,CORP,F02,INR,,MS-000023,Motor Spirit Petrol,FUEL,IN05,TK01,3797,L,"91,29",346628.13,261,20230308,,,,,,EXW,,,PRD_DE_SE16N
4500000167,10,ZNB,F,E,20230103,20240719,300015,  IOC Bulk Fuels,INPU,F01,INR,1,KER-00004,Kerosene SKO,FUEL,KOL1,FT01,21.157,KL,87881.05,1859299.37,101,20240831,5000071376,2023,2,1000010,600000045,CFR,Z045,,PRD_DE_SE16N
4500001822,20,UB,U,E,20230404,20240910,600047,Essar Oil,CORP,ZF1,INR,1,LUBE-00112,Hydraulic Oil 46,LUBR,KOL1,TANK,28802,L,94.51,2722077.02,102,11/21/2024,5000061669,2025,4,1000020,,,NT30,,PRD_DE_SE16N
4500001936,30,UB,U,E,20231119,20230207,300015,IOC Bulk Fuels,1000,FUL,USD,83.5852,LUBE-00113,Gear Oil 90,LUBR,IN04,FUEL,208.05,KG,3.32,690.73,122,29-04-2023,5000081609,2024,4,MFUEL01,OR-2024-001,CFR,SOFO,,PRD_DE_SE16N
4500000191,10,ZFU,F,E,10/25/2024,17-04-2024,100042,BPCL Fuel Supply Ltd,ZIND,PET,INR,1,HSD-00001,High Speed Diesel BS-VI,FUEL,5000,TANK,59.08,TO,93643.29,5532445.57,101,25-05-2024,5000050277,2023,5,DFUEL02,600000045,,14,,PRD_DE_SE16N
4500000707,30,ZNB,F,,11/26/2023,20240122,300015,IOC Bulk Fuels,INPU,ZF1,INR,1,HSD-00001,High Speed Diesel BS-VI,FUEL,AHM1,TANK,47.479,TO,"94204,36",4472728.81,122,02.09.2023,5000064923,2023,2,,,,NT30,,PRD_DE_SE16N
4500001419,10,UB,U,B,20240630,12-03-2023,100042,BPCL Fuel Supply Ltd,CORP,FUL,INR,1,MS-000023,Motor Spirit Petrol,FUEL,KOL1,FT01,44383,L,89.88,3989144.04,261,21.11.2023,,,,CC-DEL-002,600000045,CIF,1,,PRD_DE_SE16N
4500001624,10,ZNB,F,U,27.01.2024,22.03.2023,300015,IOC Bulk Fuels,INPU,11,INR,1,ADV-00200,AdBlue DEF Solution,CHEM,1100,,29200,L,87.32,2549744,551,20230904,,,,DFUEL02,600000001,CFR,,,PRD_DE_SE16N
4500000736,30,NB,F,,20241105,20231030,800022,Gulf Oil Lubricants India,IN00,11,INR,1,LUBE-00112,Hydraulic Oil 46,LUBR,KOL1,TK01,34321,L,"92,45",3172976.45,101,09.01.2023,5000079569,2024,2,DFUEL02,,DAP,NT30,,PRD_DE_SE16N
4500000851,10,NB,F,E,10.01.2024,07-06-2024,300015,IOC Bulk Fuels,1000,10,INR,1,HFO-00009,Heavy Fuel Oil 380 CST,FUEL,1100,,52.137,MT,94597.52,4932030.9,261,10-07-2023,,,,,,,14,,PRD_DE_SE16N
4500001685,20,ZFU,F,B,20240427,21.04.2023,100042,BPCL Fuel Supply Ltd,ZIND,F02,INR,1,LUBE-00111,Engine Oil 15W40,LUBR,4000,FT01,30543,L,91.48,2794073.64,261,20240728,,,,,,FOB,Z030,,PRD_DE_SE16N
4500001261,20,UB,U,B,20230811,03.02.2023,400091,  Reliance Industries Ltd,INPU,11,INR,1,HFO-00009,Heavy Fuel Oil 380 CST,FUEL,MUMB,TK01,20.772,MT,93485.44,1941879.56,102,08/30/2023,5000016011,2024,1,2000010,OR-2024-001,DAP,Z030,,PRD_DE_SE16N
4500000297,30,FO,F,,23.04.2023,09/14/2023,200078,HPCL Petroleum Corp,IN00,10,INR,,ATF-00005,Aviation Turbine Fuel   ,FUEL,IN05,10,5694.51,GAL,351.54,2001848.05,101,20230127,5000068955,2023,1,1000020,OR-2024-001,EXW,1,,PRD_DE_SE16N
4500001005,20,UB,U,B,26.11.2023,03/17/2023,300015,IOC Bulk Fuels,1000,F01,INR,1,HFO-00009,Heavy Fuel Oil 380 CST   ,FUEL,AHM1,,125.239,MT,92682.92,11607516.22,551,20230309,,,,,,EXW,,,PRD_DE_SE16N
4500000641,20,ZFUE,F,U,20240430,06.06.2023,400091,Reliance Industries Ltd,CORP,11,,,LUBE-00113,Gear Oil 90,LUBR,IN02,,57.32,KG,310.82,17816.2,102,20230329,5000073620,2024,1,,OR-2024-001,CFR,Z045,,PRD_DE_SE16N
4500000571,20,ZFU,F,U,28.09.2024,28-07-2024,200078,  HPCL Petroleum Corp,CORP,PET,INR,,MS-000023,Motor Spirit Petrol,FUEL,AHM1,TANK,30489,L,91.58,2792182.62,541,20.10.2024,,,,2000010,OR-2024-001,CIF,NT30,,PRD_DE_SE16N
4500001591,30,ZFU,F,U,20230609,03/28/2023,400091,Reliance Industries Ltd,CORP,10,INR,1,KER-00004,Kerosene SKO,FUEL,2100,,45.383,KL,89431.13,4058652.97,261,20240924,,,,MFUEL01,,,Z045,X,PRD_DE_SE16N
4500000593,10,ZNB,F,U,20230629,24.05.2024,500033,Shell India,1000,PET,USD,,HSD-00001,High Speed Diesel BS-VI,FUEL,4000,,252.63,KL,1117.77,282382.24,101,29.06.2024,5000010205,2024,5,,OR-2024-001,FOB,,X,PRD_DE_SE16N
4500000821,20,NB,F,E,20230815,14.11.2023,200078,HPCL Petroleum Corp,INPU,F02,,,HFO-00009,Heavy Fuel Oil 380 CST,FUEL,IN03,TANK,127.012,MT,92244.84,11716201.62,101,20230622,5000030968,2023,2,2000010,,FOB,NT45,,PRD_DE_SE16N
4500001624,50,ZNB,F,B,27.12.2023,09.10.2023,400091,Reliance Industries,ZIND,10,USD,84.4547,HFO-00009,Heavy Fuel Oil 380 CST,FUEL,5000,10,8.484,MT,1089.22,9240.94,122,20231114,5000060648,2025,5,CC-DEL-002,,EXW,14,,PRD_DE_SE16N
4517344365,20,ZFUE,F,,20230612,20.06.2024,200078,HPCL Petroleum Corp,CORP,F02,USD,83.1693,HSD-00001,High Speed Diesel BS-VI,FUEL,AHM1,10,388.36,KL,"1099,27",426912.5,102,20231017,5000037243,2024,5,2000010,OR-2024-002,DDP,Z045,,PRD_DE_SE16N
4500000868,10,ZNB,F,E,20230808,20240107,200078,HPCL Petroleum Corp,INPU,11,USD,83.5154,HSD-00001,High Speed Diesel,FUEL,4000,FUEL,49999,L,1.04,51998.96,102,20240512,5000081006,2023,5,,,DAP,SOFO,X,PRD_DE_SE16N
4500001657,10,ZNB,F,B,07-08-2024,12.01.2024,600047,Essar Oil Ltd,CORP,ZF1,INR,,LDO-00008,Light Diesel Oil,FUEL,CHN1,TK02,390.171,KL,90029.07,35126732.27,101,04/17/2024,5000006839,2025,4,1000010,,FOB,Z045,,PRD_DE_SE16N
4500001812,10,NB,F,E,20240529,20240229,300015,IOC Bulk Fuels,ZIND,FUL,,,HFO-00009,Heavy Fuel Oil 380 CST,FUEL,2000,TANK,75.608,MT,88225.5,6670553.6,101,31-01-2024,5000005020,2024,4,,,CIF,NT30,X,PRD_DE_SE16N
4500000098,30,ZFU,F,B,04/24/2023,20240929,800022,Gulf Oil Lubricants India,ZIND,11,INR,,MS-000023,Motor Spirit Petrol,FUEL,2100,TK01,920,L,90.15,82938,101,26.05.2024,5000074798,2024,2,MFUEL01,OR-2024-001,CIF,,,PRD_DE_SE16N
4500001502,10,ZFU,F,E,20231207,18.08.2024,600047,  Essar Oil Ltd,INPU,ZF1,INR,1,GRSE-0031,Grease MP2,LUBR,1100,TANK,"408,62",KG,226.26,92454.36,102,27.12.2023,5000008270,2025,4,,,CIF,14,,PRD_DE_SE16N
4500000098,20,ZFU,F,E,20240112,20231007,400091,Reliance Industries Ltd,INPU,F01,INR,1,HFO-00009,Heavy Fuel Oil,FUEL,AHM1,10,"1,79,033",TO,91093.16,16308681.71,541,14.02.2024,,,,1000020,OR-2024-001,FOB,14,,PRD_DE_SE16N
4500001867,20,UB,U,B,20230228,09.10.2023,400091,Reliance Industries,IN00,ZZ1,USD,,KER-00004,Kerosene SKO,FUEL,3000,FT01,258.978,KL,1107.77,286888.06,101,20241014,5000030932,2025,3,,,DDP,14,,PRD_DE_SE16N
4513121368,20,ZFU,F,U,20240729,20240614,500033,Shell India,ZIND,10,,,MS-000023,Motor Spirit Petrol,FUEL,IN01,FT01,10807,L,91.12,984733.84,261,24.09.2023,,,,DFUEL02,600000045,DDP,14,,PRD_DE_SE16N
4500000412,10,ZFU,F,B,21.07.2024,20240520,500033,Shell India Markets Pvt,INPU,FUL,INR,1,LUBE-00112,Hydraulic Oil 46,LUBR,IN05,10,27627,L,91.12,2517372.24,101,04/23/2024,5000075353,2023,2,,,DDP,NT45,,PRD_DE_SE16N
4500000332,30,NB,F,,06/15/2024,20230819,600047,Essar Oil Ltd,IN00,11,INR,1,ATF-00005,Aviation Turbine Fuel,FUEL,IN05,TANK,319.353,KL,90508.41,28904132.26,101,20230322,5000077569,2025,2,,OR-2024-002,CIF,NT30,X,PRD_DE_SE16N
4500000619,30,UB,U,E,16.03.2023,20240220,600047,Essar Oil Ltd,ZIND,11,INR,1,ATF-00005,Aviation Turbine Fuel,FUEL,DEL1,FUEL,7521.64,GAL,328.16,2468301.38,261,20230611,,,,,,FOB,14,,PRD_DE_SE16N
4500001770,10,NB,F,B,14.08.2024,06/13/2023,300015,  IOC Bulk Fuels,IN00,FUL,INR,1,HFO-00009,Heavy Fuel Oil 380 CST,FUEL,IN_MUM,TK01,100.155,MT,92117.8,9226058.26,261,07/14/2023,,,,DFUEL02,OR-2024-002,,Z045,,PRD_DE_SE16N
4500001168,20,ZFU,F,U,31.01.2024,20240720,400091,Reliance Industries Ltd,INPU,10,,,MS-000023,Motor Spirit Petrol   ,FUEL,IN_MUM,FUEL,49456,L,91.8,4540060.8,101,20240717,5000073116,2024,2,CC-DEL-002,,DAP,14,,PRD_DE_SE16N
4500001263,20,FO,F,E,05.06.2024,20240830,400091,Reliance Industries,ZIND,FUL,USD,83.6674,MS-000023,Motor Spirit Petrol,FUEL,AHM1,TK02,40806,L,1.06,43254.36,541,20240730,,,,,OR-2024-001,DAP,,,PRD_DE_SE16N
4500001415,30,ZFU,F,E,05.03.2023,18-09-2024,100042,BPCL Fuel Supply Ltd,IN00,F01,INR,1,MS-000023,Motor Spirit Petrol BS-VI,FUEL,IN02,TK02,165.9,KL,91622.27,15200134.59,551,20240615,,,,2000010,600000001,CFR,Z030,,PRD_DE_SE16N
4500001914,20,UB,U,,23.11.2024,20231022,700088,Petronet LNG Ltd,IN00,ZZ1,USD,83.9283,LUBE-00112,Hydraulic Oil 46,LUBR,3000,,47735,L,1.11,52985.85,541,02-09-2024,,,,2000010,,DAP,NT30,,PRD_DE_SE16N
4500001470,30,NB,F,B,17-07-2024,20230521,200078,HPCL Petroleum Corp,ZIND,PET,INR,,HSD-00001,High Speed Diesel BS-VI,FUEL,IN02,1,467.841,KL,93784,43876000.34,102,20230611,5000011725,2025,5,1000020,,DAP,1,,PRD_DE_SE16N
4500000220,20,NB,F,B,18.10.2024,20231019,700088,Petronet LNG Ltd,IN00,ZF1,INR,1,HFO-00009,Heavy Fuel Oil,FUEL,4000,TK02,27.706,TO,92033.7,2549885.69,261,05/20/2024,,,,2000010,600000001,EXW,NT45,,PRD_DE_SE16N
4500000288,10,UB,U,,20230830,20230107,800022,Gulf Oil Lubricants India,ZIND,10,INR,1,KER-00004,Kerosene SKO,FUEL,4000,FT01,154.463,KL,"92228,83",14245941.77,102,01-10-2023,5000061000,2024,2,,600000045,CFR,14,,PRD_EN_SE16N
4500001643,10,UB,U,U,09-02-2024,11.09.2023,200078,HPCL Petroleum Corp,IN00,ZZ1,USD,,HFO-00009,Heavy Fuel Oil,FUEL,IN02,,106.106,TO,1088.55,115501.69,122,25.03.2023,5000019641,2023,3,,,,NT30,,PRD_EN_SE16N
4500001378,30,UB,U,U,04.01.2023,20230123,700088,Petronet LNG Ltd,CORP,FUL,,,HSD-00001,High Speed Diesel BS-VI,FUEL,KOL1,TK02,214.73,KL,92003.85,19755986.71,101,20240815,5000053591,2023,2,DFUEL02,OR-2024-001,,,,PRD_EN_SE16N
4500000457,10,FO,F,B,20240711,20231102,200078,HPCL Petroleum Corp,1000,FUL,,,ADV-00200,AdBlue DEF Solution,CHEM,IN05,10,12451,L,88.46,1101415.46,101,01/24/2024,5000080599,2023,2,,OR-2024-002,CIF,Z030,,PRD_EN_SE16N
4500001877,20,ZNB,F,,11/19/2024,14.08.2024,400091,Reliance Industries,ZIND,PET,INR,1,LDO-00008,Light Diesel Oil,FUEL,4000,,75.914,KL,91602.12,6953883.34,261,20230831,,,,CC-CHN-003,600000045,DDP,,,PRD_EN_SE16N
4500000296,10,ZNB,F,U,02.03.2024,20240729,400091,Reliance Industries Ltd,ZIND,ZZ1,INR,1,ATF-00005,Aviation Turbine Fuel,FUEL,3000,TK01,"1,31,223",KL,"88302,63",11587336.02,261,20230518,,,,2000010,OR-2024-002,FOB,Z030,,PRD_EN_SE16N
4500001971,30,NB,F,,10.09.2024,05-05-2024,200078,HPCL Petroleum Corp,IN00,10,USD,83.2185,HFO-00009,Heavy Fuel Oil,FUEL,IN05,,110.864,TO,1128.19,125075.66,101,11-02-2024,5000061080,2023,4,1000020,,,1,,PRD_EN_SE16N
4500000472,10,ZFU,F,B,20231212,26.05.2024,600047,Essar Oil,1000,ZF1,,,MS-000023,Motor Spirit Petrol,FUEL,IN02,,32121,L,89.91,2887999.11,101,15-05-2024,5000064004,2023,5,2000010,600000001,FOB,1,,PRD_EN_SE16N
4500001266,30,ZNB,F,E,20230117,09.05.2024,200078,HPCL Petroleum Corp,1000,FUL,INR,,LDO-00008,Light Diesel Oil,FUEL,IN04,TANK,13.279,KL,92221.93,1224615.01,122,20240718,5000014026,2023,5,,,DDP,Z045,,PRD_EN_SE16N
4500001758,10,ZFU,F,B,22.01.2024,20230406,300015,IOC Bulk Fuels,CORP,PET,INR,1,GRSE-0031,Grease MP2,LUBR,IN01,TK01,354.39,KG,212.4,75272.44,102,27.02.2023,5000027710,2025,5,CC-DEL-002,OR-2024-001,CFR,1,,PRD_EN_SE16N
4500000493,20,NB,F,,20231206,11/24/2024,100042,BPCL Fuel Supply Ltd,ZIND,FUL,,,ATF-00005,Aviation Turbine Fuel,FUEL,IN03,TK01,10495,GAL,323.14,3391354.3,261,05/24/2023,,,,2000010,OR-2024-001,,14,X,PRD_EN_SE16N
4500001393,20,FO,F,,10/30/2023,03/29/2023,700088,Petronet LNG Ltd,CORP,PET,USD,83.1334,HFO-00009,Heavy Fuel Oil 380 CST   ,FUEL,DEL1,TK02,31.69,MT,1122.08,35558.72,551,20230317,,,,CC-DEL-002,OR-2024-002,,SOFO,,PRD_EN_SE16N
4500001607,20,FO,F,U,02-02-2024,20230113,400091,Reliance Industries Ltd,1000,F02,USD,82.7777,MS-000023,Motor Spirit Petrol BS-VI,FUEL,AHM1,FT01,489.196,KL,1086.46,531491.89,102,26-07-2024,5000021916,2024,3,1000020,,EXW,SOFO,,PRD_EN_SE16N
4500000779,20,UB,U,E,28-10-2024,20240326,400091,Reliance Industries,IN00,ZF1,INR,,MS-000023,Motor Spirit Petrol BS-VI,FUEL,2100,,303.59,KL,91952.92,27915986.98,541,20230520,,,,MFUEL01,,,14,,PRD_EN_SE16N
4500000597,10,ZFUE,F,,23.05.2023,23.02.2024,500033,Shell India,ZIND,F01,INR,1,ATF-00005,Aviation Turbine Fuel,FUEL,2100,,81.301,KL,89231.28,7254592.3,101,20230905,5000066402,2025,4,,,FOB,NT30,,PRD_EN_SE16N
4500000297,40,UB,U,,25.07.2024,06.06.2024,200078,HPCL Petroleum Corp,ZIND,11,USD,82.8015,HSD-00001,High Speed Diesel BS-VI,FUEL,CHN1,10,190.189,KL,1073.42,204152.68,102,20240812,5000011253,2023,2,CC-MUM-001,,,14,,PRD_EN_SE16N
4500001812,20,NB,F,E,07.09.2023,11/24/2024,600047,Essar Oil,INPU,F02,USD,82.8689,HFO-00009,Heavy Fuel Oil 380 CST,FUEL,KOL1,TK01,112.41,MT,1145.72,128790.39,102,20240719,5000058926,2025,4,,,FOB,NT30,,PRD_EN_SE16N
4500001003,30,NB,F,E,20240917,17.11.2023,200078,HPCL Petroleum Corp,INPU,PET,INR,1,ADV-00200,AdBlue DEF Solution,CHEM,IN05,TANK,42291,L,91.17,3855670.47,261,20230427,,,,1000020,,DAP,,,PRD_EN_SE16N
4500001003,10,ZFUE,F,B,20240926,11/19/2023,500033,Shell India,CORP,FUL,INR,1,GRSE-0031,Grease MP2,LUBR,MUMB,,247.46,KG,229.27,56735.15,101,03-01-2024,5000054477,2025,4,,,EXW,Z045,X,PRD_EN_SE16N
4500000549,20,FO,F,E,02-12-2023,07-09-2024,500033,Shell India Markets Pvt,IN00,ZZ1,INR,1,LUBE-00112,Hydraulic Oil 46,LUBR,IN02,FUEL,49490,L,86.02,4257129.8,102,27.03.2024,5000011401,2024,1,1000020,OR-2024-001,DDP,,,PRD_EN_SE16N
4500000345,30,FO,F,,01-10-2023,20231027,700088,Petronet LNG Ltd,IN00,F01,USD,84.3375,ATF-00005,Aviation Turbine Fuel,FUEL,MUMB,TANK,10349.84,GAL,3.88,40157.38,261,10-06-2024,,,,1000020,600000001,,SOFO,,PRD_EN_SE16N
4500001536,20,ZFUE,F,,02.12.2023,10-04-2024,600047,Essar Oil Ltd,CORP,ZZ1,INR,,KER-00004,Kerosene SKO,FUEL,DEL1,10,231.932,KL,91641.44,21254582.46,102,06.04.2023,5000027767,2024,3,,,,14,,PRD_EN_SE16N
4500001963,30,ZNB,F,B,20231106,05/16/2023,100042,BPCL Fuel Supply Ltd,CORP,F01,INR,1,MS-000023,Motor Spirit Petrol BS-VI   ,FUEL,1100,TK01,183.416,KL,85824.21,15741533.3,122,20231008,5000056260,2025,1,CC-MUM-001,,EXW,SOFO,X,PRD_EN_SE16N
4500001497,10,NB,F,U,20231103,20231117,800022,Gulf Oil Lubricants India,CORP,FUL,INR,1,MS-000023,Motor Spirit Petrol BS-VI   ,FUEL,IN03,TK01,340.183,KL,85684.12,29148280.99,101,17.05.2023,5000082323,2025,2,CC-CHN-003,,FOB,NT45,,PRD_EN_SE16N
4500001231,30,ZFU,F,B,01/28/2023,10/19/2023,300015,IOC Bulk Fuels,INPU,FUL,INR,1,KER-00004,Kerosene SKO,FUEL,4000,TK01,106.696,KL,91069.27,9716726.83,102,11-05-2024,5000064865,2024,1,,OR-2024-001,DDP,14,,PRD_EN_SE16N
4500001419,10,FO,F,E,12.02.2024,03-03-2023,300015,IOC Bulk Fuels,CORP,F02,INR,1,ATF-00005,Aviation Turbine Fuel,FUEL,IN04,FT01,384.719,KL,89235.75,34330688.5,102,05.10.2024,5000040620,2023,5,,,FOB,Z045,,PRD_EN_SE16N
4500001519,10,UB,U,U,21.05.2023,20230503,100042,BPCL Fuel Supply Ltd,1000,11,INR,,LDO-00008,Light Diesel Oil   ,FUEL,IN02,TK02,176.619,KL,90172.23,15926129.09,101,20230617,5000096067,2023,1,2000010,600000001,FOB,SOFO,,PRD_EN_SE16N
4500001832,30,ZNB,F,,20240605,20230429,100042,BPCL Fuel Supply Ltd,ZIND,FUL,USD,84.215,HFO-00009,Heavy Fuel Oil   ,FUEL,CHN1,TK01,94.881,TO,1090.58,103475.32,261,20230113,,,,,,DDP,NT30,,PRD_EN_SE16N
4500001585,20,NB,F,,20230109,30.03.2023,200078,HPCL Petroleum Corp,ZIND,F01,,,LDO-00008,Light Diesel Oil,FUEL,1100,TANK,155.435,KL,91227.18,14179896.72,122,26.10.2023,5000000835,2024,1,1000010,OR-2024-002,CIF,14,X,PRD_EN_SE16N
4500001992,30,UB,U,E,08/26/2023,20231014,800022,Gulf Oil Lubricants India,1000,PET,INR,1,LUBE-00112,Hydraulic Oil 46,LUBR,4000,10,"44789,0",L,89.58,4012198.62,122,20240616,5000009808,2025,5,,600000001,DDP,,,PRD_EN_SE16N
4511772642,10,ZNB,F,E,20240221,20240405,300015,IOC Bulk Fuels,INPU,PET,INR,,HFO-00009,Heavy Fuel Oil 380 CST,FUEL,IN03,1,42.32,MT,90466.46,3828540.59,101,02-01-2024,5000028183,2024,2,CC-CHN-003,,CIF,Z045,,PRD_EN_SE16N
4511034637,10,UB,U,B,20240215,20230514,100042,BPCL Fuel Supply Ltd,CORP,PET,INR,,GRSE-0031,Grease MP2,LUBR,2000,FT01,51.18,KG,287.92,14735.75,102,07-10-2024,5000043456,2023,1,DFUEL02,OR-2024-002,,SOFO,X,PRD_EN_SE16N
4500000071,30,ZFU,F,U,20240525,09.09.2023,200078,HPCL Petroleum Corp,IN00,FUL,USD,84.0944,ADV-00200,AdBlue DEF Solution,CHEM,IN04,10,4477,L,1.06,4745.62,122,20240717,5000093502,2024,4,1000010,,DDP,,,PRD_EN_SE16N
4500000477,10,UB,U,,30.09.2023,11.09.2023,300015,IOC Bulk Fuels,1000,ZF1,INR,1,LDO-00008,Light Diesel Oil   ,FUEL,1000,FUEL,474.162,KL,90756.92,43033482.7,541,02/27/2023,,,,CC-CHN-003,600000001,DDP,NT45,,PRD_EN_SE16N
4500000477,10,UB,U,,06-12-2023,20240623,800022,Gulf Oil Lubricants India,ZIND,ZF1,INR,1,HFO-00009,Heavy Fuel Oil,FUEL,2100,TANK,68.811,TO,89419.68,6153057.6,101,07/26/2023,5000014538,2025,3,CC-MUM-001,OR-2024-001,FOB,14,,PRD_EN_SE16N
4500001207,20,ZFUE,F,B,20231029,11.11.2023,200078,HPCL Petroleum Corp,CORP,10,INR,1,KER-00004,Kerosene SKO,FUEL,MUMB,TK01,474.606,KL,88916.01,42200071.84,541,02-01-2023,,,,CC-MUM-001,600000001,FOB,Z030,,PRD_EN_SE16N
4500000139,10,ZFU,F,B,24.03.2024,20230102,200078,HPCL Petroleum Corp,INPU,ZZ1,INR,,HSD-00001,High Speed Diesel,FUEL,IN03,TK01,24705,L,88.79,2193556.95,101,06/20/2023,5000021319,2024,1,DFUEL02,,FOB,NT30,,PRD_EN_SE16N
4500000884,10,FO,F,E,20230610,09/13/2024,200078,  HPCL Petroleum Corp,ZIND,F02,USD,83.0305,HSD-00001,High Speed Diesel   ,FUEL,4000,1,9580,L,1.1,10538,122,20231206,5000051498,2025,5,1000020,,FOB,Z045,,PRD_EN_SE16N
4500000970,20,ZFUE,F,B,20241107,20240212,200078,HPCL Petroleum Corp,1000,PET,INR,1,MS-000023,Motor Spirit Petrol BS-VI,FUEL,5000,TK01,96.516,KL,93854.93,9058502.42,261,19.10.2024,,,,1000020,,FOB,NT30,,PRD_EN_SE16N
4500001408,20,FO,F,E,20240502,08-09-2024,400091,Reliance Industries Ltd,ZIND,F01,,,LDO-00008,Light Diesel Oil,FUEL,IN05,,358.581,KL,90021.01,32279823.79,551,09-02-2024,,,,,,DAP,1,,PRD_EN_SE16N
4500001140,20,ZFUE,F,,01/13/2023,10.10.2023,200078,HPCL Petroleum Corp,ZIND,ZF1,USD,83.6654,MS-000023,Motor Spirit Petrol,FUEL,IN04,FT01,39106,L,1.03,40279.18,102,30.09.2024,5000037498,2025,3,CC-DEL-002,OR-2024-002,,1,,PRD_EN_SE16N
4500001378,50,ZFUE,F,U,20231107,20240117,200078,HPCL Petroleum Corp,1000,11,USD,83.9874,GRSE-0031,Grease MP2,LUBR,4000,FT01,345.58,KG,4.14,1430.7,101,05/18/2024,5000024633,2024,2,2000010,,DDP,1,,PRD_EN_SE16N
4500001793,10,FO,F,,21-02-2023,20230913,100042,BPCL Fuel Supply Ltd,ZIND,11,INR,,LUBE-00112,Hydraulic Oil 46,LUBR,2000,,41193,L,90.05,3709429.65,101,20230723,5000023276,2024,5,CC-MUM-001,600000045,FOB,Z045,X,PRD_EN_SE16N
4500001771,30,ZFU,F,U,16.05.2023,20230110,200078,HPCL Petroleum Corp,IN00,PET,INR,1,ATF-00005,Aviation Turbine Fuel,FUEL,1100,10,3744.67,GAL,344.33,1289402.22,551,09-07-2024,,,,,,,NT30,X,PRD_EN_SE16N
4500001312,20,NB,F,,20241029,25.09.2023,500033,Shell India Markets Pvt,INPU,F02,INR,1,LUBE-00112,Hydraulic Oil 46,LUBR,CHN1,1,12091,L,85.57,1034626.87,541,03.06.2023,,,,MFUEL01,,,1,,PRD_EN_SE16N
4500001722,30,FO,F,,20240427,20230705,300015,IOC Bulk Fuels,ZIND,ZZ1,USD,83.8089,LDO-00008,Light Diesel Oil,FUEL,2100,TK02,281.721,KL,1127.26,317572.81,261,22.09.2023,,,,1000010,,,NT30,,PRD_EN_SE16N
4500001784,10,FO,F,,08-06-2024,20230725,400091,Reliance Industries,ZIND,F02,,,ATF-00005,Aviation Turbine Fuel,FUEL,IN01,1,"13004,71",GAL,327.21,4255271.16,261,20240413,,,,2000010,600000001,DAP,SOFO,,PRD_EN_SE16N
4500000493,40,UB,U,,11/26/2023,18-01-2024,200078,HPCL Petroleum Corp,CORP,11,,,KER-00004,Kerosene SKO,FUEL,IN01,FT01,339.99,KL,91266.87,31029823.13,551,20240627,,,,,,CFR,Z045,,PRD_EN_SE16N
4500000338,20,UB,U,B,20230515,20230120,500033,Shell India,CORP,FUL,USD,,LUBE-00113,Gear Oil 90,LUBR,AHM1,1,92.8,KG,3.05,283.04,541,23.01.2023,,,,,,CIF,1,,PRD_EN_SE16N
4500001405,20,ZFUE,F,,09.11.2024,06.03.2024,400091,Reliance Industries,1000,ZF1,INR,1,GRSE-0031,Grease MP2,LUBR,IN04,FT01,77.21,KG,324.6,25062.37,101,29.09.2024,5000065239,2023,5,CC-DEL-002,,DDP,,,PRD_EN_SE16N
4500000626,20,ZNB,F,,02-06-2023,10.08.2024,500033,Shell India Markets Pvt,IN00,ZZ1,USD,84.4546,HFO-00009,Heavy Fuel Oil   ,FUEL,1100,TANK,144.992,TO,1140.58,165374.98,101,20240607,5000005170,2024,3,1000020,,CIF,1,,PRD_EN_SE16N
4500000821,20,ZFU,F,U,05-04-2024,10-06-2023,300015,IOC Bulk Fuels,CORP,ZF1,INR,1,ADV-00200,AdBlue DEF Solution,CHEM,2000,,8422,L,86.33,727071.26,541,10/26/2024,,,,CC-CHN-003,OR-2024-002,DDP,1,,PRD_EN_SE16N
4518804983,30,NB,F,E,18-08-2023,13.08.2024,400091,Reliance Industries,1000,11,INR,1,HFO-00009,Heavy Fuel Oil,FUEL,MUMB,10,"1,04,301",TO,93505.93,9752762,102,11/16/2024,5000019484,2025,5,,600000045,,NT45,,PRD_EN_SE16N
4500000776,10,FO,F,E,20240809,20230322,300015,IOC Bulk Fuels,INPU,ZF1,INR,,LDO-00008,Light Diesel Oil,FUEL,5000,1,63.76,KL,89973.73,5736725.02,101,20240525,5000011913,2025,5,MFUEL01,OR-2024-001,DDP,14,,PRD_EN_SE16N
4500001556,10,ZFUE,F,E,10-10-2024,20231216,800022,Gulf Oil Lubricants India,INPU,ZZ1,USD,84.1437,HFO-00009,Heavy Fuel Oil 380 CST   ,FUEL,IN02,TK01,75.404,MT,1064.08,80235.89,122,26.10.2023,5000024581,2023,4,,,,1,,PRD_EN_SE16N
4500000887,20,NB,F,U,01.07.2023,06-04-2024,700088,Petronet LNG Ltd,CORP,FUL,INR,1,HFO-00009,Heavy Fuel Oil 380 CST,FUEL,IN_MUM,TK01,26.548,MT,91099.24,2418502.62,101,27.06.2023,5000035860,2024,3,,,CFR,14,,PRD_EN_SE16N
4500000272,30,ZFUE,F,U,20241014,02.07.2023,600047,Essar Oil Ltd,IN00,PET,USD,83.8485,ATF-00005,Aviation Turbine Fuel,FUEL,IN05,,8653.06,GAL,4.11,35564.08,541,04/29/2023,,,,MFUEL01,OR-2024-001,EXW,Z045,,PRD_EN_SE16N
4519426865,10,ZNB,F,,01.09.2023,24.10.2024,300015,IOC Bulk Fuels,IN00,F01,USD,83.8703,LUBE-00111,Engine Oil 15W40,LUBR,2000,TK02,2444,L,1.06,2590.64,101,22.10.2023,5000026619,2025,4,,OR-2024-001,EXW,Z030,,PRD_EN_SE16N
4500001140,10,UB,U,E,20230106,08/21/2024,600047,Essar Oil Ltd,IN00,FUL,INR,1,HSD-00001,High Speed Diesel,FUEL,2000,,46439,L,90.97,4224555.83,101,20230608,5000046934,2023,3,,,DAP,,,PRD_EN_SE16N
4500001947,30,ZFU,F,,20241026,01-05-2024,100042,  BPCL Fuel Supply Ltd,IN00,PET,USD,82.5798,ADV-00200,AdBlue DEF Solution,CHEM,4000,TK02,12093,L,1.09,13181.37,541,20241115,,,,CC-DEL-002,600000045,DDP,SOFO,,PRD_EN_SE16N
4500000432,10,ZNB,F,E,30.07.2023,03-10-2024,600047,Essar Oil Ltd,INPU,F02,INR,1,ATF-00005,Aviation Turbine Fuel,FUEL,3000,1,"14126,39",GAL,349.88,4942541.33,101,21.03.2024,5000023329,2024,5,2000010,OR-2024-001,,,,PRD_EN_SE16N
4500000149,30,ZFUE,F,,05.11.2023,20230419,400091,Reliance Industries Ltd,ZIND,F01,INR,1,MS-000023,Motor Spirit Petrol BS-VI   ,FUEL,1000,10,221.65,KL,88951.13,19716017.96,101,10/16/2023,5000071529,2024,2,,600000045,DAP,NT30,X,PRD_EN_SE16N
4500001744,10,ZNB,F,E,20230916,20230708,500033,Shell India Markets Pvt,INPU,PET,USD,83.5977,HSD-00001,High Speed Diesel,FUEL,4000,FT01,28408,L,1.02,28976.16,551,05.07.2023,,,,,,DDP,14,,PRD_EN_SE16N
4500001263,30,ZFU,F,U,20240803,20240821,100042,BPCL Fuel Supply Ltd,ZIND,F02,INR,1,LUBE-00112,Hydraulic Oil 46,LUBR,IN02,FUEL,8515,L,88.13,750426.95,122,20-11-2023,5000017603,2025,3,,,,NT30,,PRD_EN_SE16N
4518509040,30,ZFUE,F,U,20240815,02-01-2023,800022,Gulf Oil Lubricants India,IN00,PET,USD,83.8078,LUBE-00111,Engine Oil 15W40   ,LUBR,IN01,TK02,1929,L,1.05,2025.45,102,20240827,5000017548,2024,5,CC-CHN-003,,EXW,NT45,,PRD_EN_SE16N
4500000999,20,ZFU,F,E,20241115,20240114,400091,Reliance Industries,IN00,FUL,INR,1,ATF-00005,Aviation Turbine Fuel,FUEL,MUMB,TK02,459.361,KL,"93815,52",43095191.08,101,20240105,5000097243,2024,5,CC-DEL-002,,FOB,Z045,,PRD_EN_SE16N
4500000285,10,UB,U,U,20231015,20.03.2023,500033,  Shell India Markets Pvt,INPU,10,INR,1,GRSE-0031,Grease MP2   ,LUBR,IN02,,304.99,KG,322.54,98371.47,101,20230711,5000062786,2023,5,2000010,OR-2024-002,DAP,NT45,,PRD_EN_SE16N
4500001155,30,ZNB,F,,20230329,11-08-2024,500033,Shell India,1000,FUL,USD,84.0892,MS-000023,Motor Spirit Petrol,FUEL,1100,TK02,43378,L,1.04,45113.12,551,13-09-2024,,,,CC-CHN-003,,FOB,Z030,,PRD_EN_SE16N
4500001847,10,FO,F,U,20230501,28.06.2024,100042,BPCL Fuel Supply Ltd,IN00,11,INR,1,HSD-00001,High Speed Diesel BS-VI,FUEL,MUMB,FUEL,121.091,TO,94620.17,11457651.01,102,20241106,5000005693,2025,5,,,FOB,,,PRD_EN_SE16N
4500001771,10,ZFU,F,U,20240616,14.08.2024,700088,Petronet LNG Ltd,1000,ZF1,,,LDO-00008,Light Diesel Oil,FUEL,5000,,403.122,KL,89088.45,35913514.14,101,20241101,5000055517,2025,3,MFUEL01,,,NT45,,PRD_EN_SE16N
4513854922,20,ZFUE,F,,20240604,20230615,400091,Reliance Industries,INPU,10,,,LUBE-00111,Engine Oil 15W40   ,LUBR,IN05,TANK,30740,L,"91,85",2823469,101,12/13/2023,5000061822,2025,4,MFUEL01,OR-2024-001,CIF,,,QAS_DE_MB51
4500000414,30,ZFUE,F,B,05.09.2024,20231020,500033,Shell India,ZIND,F01,INR,1,LUBE-00112,Hydraulic Oil 46   ,LUBR,4000,FUEL,33734,L,88.6,2988832.4,122,26.08.2023,5000087773,2024,4,CC-DEL-002,,FOB,Z045,,QAS_DE_MB51
4500000828,20,FO,F,U,20.04.2023,20230629,500033,Shell India,INPU,ZF1,INR,1,ADV-00200,AdBlue DEF Solution,CHEM,IN05,10,47356,L,93.03,4405528.68,101,20240530,5000073815,2024,2,,,CIF,SOFO,,QAS_DE_MB51
4500000540,10,ZFU,F,E,20231217,13.02.2024,400091,Reliance Industries Ltd,IN00,10,,,LDO-00008,Light Diesel Oil,FUEL,IN01,TK01,180.001,KL,93943.16,16909862.74,101,20230702,5000030783,2025,2,,600000045,DDP,NT45,,QAS_DE_MB51
4500001009,30,UB,U,B,20240607,20231009,100042,BPCL Fuel Supply Ltd,ZIND,F01,INR,1,HFO-00009,Heavy Fuel Oil,FUEL,IN_MUM,TANK,26.521,TO,92205.88,2445392.14,541,08/16/2023,,,,CC-MUM-001,,CIF,1,,QAS_DE_MB51
4500000966,20,ZNB,F,U,20240310,20240110,500033,Shell India,INPU,10,USD,83.872,MS-000023,Motor Spirit Petrol BS-VI,FUEL,4000,,203.293,KL,1071.94,217917.9,261,20240117,,,,CC-DEL-002,,DAP,SOFO,,QAS_DE_MB51
4511660521,30,ZFU,F,E,20230918,20230617,400091,Reliance Industries Ltd,IN00,10,INR,1,HFO-00009,Heavy Fuel Oil,FUEL,2000,FT01,149.174,TO,90078.15,13437317.95,261,20241006,,,,1000020,,DAP,Z045,,QAS_DE_MB51
4500001312,20,UB,U,E,20240808,07.03.2024,400091,Reliance Industries,1000,11,USD,83.7108,HFO-00009,Heavy Fuel Oil 380 CST,FUEL,AHM1,10,69.381,MT,1083.93,75204.15,101,20230315,5000021930,2023,1,2000010,600000045,FOB,Z030,,QAS_DE_MB51
4500001266,30,UB,U,E,11.09.2023,20240204,100042,BPCL Fuel Supply Ltd,CORP,F01,INR,1,HSD-00001,High Speed Diesel,FUEL,IN_MUM,,6651,L,"93,39",621136.89,102,29.03.2024,5000035705,2025,4,2000010,,,Z045,,QAS_DE_MB51
4518779789,10,ZFU,F,U,20240701,20231219,500033,Shell India Markets Pvt,1000,ZZ1,USD,82.9624,LDO-00008,Light Diesel Oil,FUEL,5000,10,241.148,KL,1019.06,245744.28,551,18-05-2024,,,,CC-MUM-001,,,,,QAS_DE_MB51
4512292170,20,ZFUE,F,E,20240924,24.04.2023,400091,Reliance Industries Ltd,ZIND,ZF1,USD,,LDO-00008,Light Diesel Oil   ,FUEL,IN01,,163.719,KL,1036.19,169643.99,261,20240929,,,,CC-DEL-002,,EXW,14,,QAS_DE_MB51
4517887754,10,ZNB,F,,09/14/2023,07/16/2023,300015,IOC Bulk Fuels,1000,10,INR,1,HFO-00009,Heavy Fuel Oil 380 CST,FUEL,5000,FT01,153.861,MT,89991.7,13846212.95,101,20230113,5000068306,2025,2,,OR-2024-001,CIF,NT30,,QAS_DE_MB51
4500000343,30,ZNB,F,B,20230906,20230503,200078,  HPCL Petroleum Corp,1000,PET,INR,1,ADV-00200,AdBlue DEF Solution,CHEM,3000,FUEL,34568,L,91.88,3176107.84,551,13.02.2023,,,,1000010,600000001,FOB,NT45,,QAS_DE_MB51
4500000276,10,ZFUE,F,,20240726,11.05.2024,500033,Shell India Markets Pvt,CORP,PET,INR,,ADV-00200,AdBlue DEF Solution,CHEM,IN03,,9413,L,88.48,832862.24,551,20240516,,,,,,,1,,QAS_DE_MB51
4500001104,10,ZFU,F,U,20240718,20.06.2024,400091,Reliance Industries Ltd,1000,10,INR,,ATF-00005,Aviation Turbine Fuel,FUEL,AHM1,,322.247,KL,86104.64,27746961.93,102,20231017,5000025115,2023,1,1000010,OR-2024-001,CFR,1,,QAS_DE_MB51
4500001523,20,ZFUE,F,E,03-01-2023,01/13/2024,100042,BPCL Fuel Supply Ltd,CORP,F02,INR,,ATF-00005,Aviation Turbine Fuel,FUEL,IN01,TK01,11147.35,GAL,"353,38",3939250.54,101,30.09.2023,5000069685,2024,2,,OR-2024-002,,NT30,,QAS_DE_MB51
4500001347,30,ZNB,F,,19.11.2023,29-03-2024,600047,Essar Oil Ltd,CORP,F02,INR,1,HFO-00009,Heavy Fuel Oil 380 CST,FUEL,CHN1,10,83.056,MT,93065.93,7729683.88,551,11/29/2023,,,,1000010,,,1,,QAS_DE_MB51
4500000440,10,NB,F,E,07.06.2024,10-10-2023,500033,Shell India,ZIND,FUL,USD,83.6643,HSD-00001,High Speed Diesel BS-VI,FUEL,3000,FT01,8.51,TO,1087.97,9258.62,261,20240808,,,,1000010,,,NT45,,QAS_DE_MB51
4500001674,10,NB,F,U,08-09-2024,21.08.2023,500033,Shell India,1000,11,INR,1,LUBE-00112,Hydraulic Oil 46,LUBR,IN_MUM,TK01,19186,L,"88,05",1689327.3,541,10-11-2024,,,,CC-CHN-003,,FOB,Z030,,QAS_DE_MB51
4518419194,20,FO,F,U,07.05.2024,05/14/2023,200078,HPCL Petroleum Corp,INPU,F02,INR,1,MS-000023,Motor Spirit Petrol,FUEL,4000,10,28609,L,90.61,2592261.49,101,20240514,5000042390,2025,5,1000010,OR-2024-002,DDP,14,,QAS_DE_MB51
4500001893,10,FO,F,E,20230329,20240118,700088,Petronet LNG Ltd,IN00,10,INR,,LUBE-00112,Hydraulic Oil 46,LUBR,1000,,31088,L,86.48,2688490.24,101,20230225,5000002981,2024,2,2000010,OR-2024-002,CFR,SOFO,,QAS_DE_MB51
4500001617,20,ZNB,F,U,20230109,20230224,600047,Essar Oil,CORP,F01,USD,,HSD-00001,High Speed Diesel BS-VI,FUEL,MUMB,10,170.565,TO,1117.14,190544.98,101,20241107,5000066655,2025,1,,,DAP,Z030,,QAS_DE_MB51
4515904121,20,ZFU,F,U,20240528,20241002,500033,Shell India Markets Pvt,1000,PET,USD,,HSD-00001,High Speed Diesel BS-VI,FUEL,KOL1,FUEL,175.857,TO,1139.2,200336.29,122,05.03.2023,5000051491,2025,2,,,EXW,,,QAS_DE_MB51
4500000284,30,FO,F,E,13.11.2023,07/27/2023,400091,Reliance Industries Ltd,ZIND,10,INR,1,LUBE-00112,Hydraulic Oil 46,LUBR,MUMB,,21560,L,94.09,2028580.4,101,20-06-2024,5000069856,2025,1,,600000001,,,,QAS_DE_MB51
4500001255,10,NB,F,B,20240103,25.08.2023,200078,HPCL Petroleum Corp,1000,FUL,INR,,ATF-00005,Aviation Turbine Fuel,FUEL,DEL1,TANK,12769,GAL,338.75,4325498.75,261,20240503,,,,MFUEL01,,CFR,,,QAS_DE_MB51
4500001776,10,FO,F,U,12.02.2023,20240313,700088,Petronet LNG Ltd,1000,FUL,INR,1,ATF-00005,Aviation Turbine Fuel   ,FUEL,2100,,6215.19,GAL,357.57,2222365.49,122,25.01.2024,5000059886,2023,2,,OR-2024-001,,1,,QAS_DE_MB51
4500000112,10,UB,U,E,20240407,04/19/2024,400091,Reliance Industries Ltd,INPU,ZZ1,INR,,LUBE-00112,Hydraulic Oil 46   ,LUBR,KOL1,TANK,38959,L,94.38,3676950.42,261,20240527,,,,MFUEL01,,DDP,NT45,,QAS_DE_MB51
4500001998,10,FO,F,U,02/14/2023,23.01.2024,100042,BPCL Fuel Supply Ltd,CORP,10,INR,,MS-000023,Motor Spirit Petrol BS-VI,FUEL,IN_MUM,TK02,331.468,KL,86500.9,28672280.32,551,10.12.2023,,,,,OR-2024-001,DAP,Z030,X,QAS_DE_MB51
4500001206,20,FO,F,,07.09.2024,20240224,100042,BPCL Fuel Supply Ltd,CORP,ZZ1,INR,,HFO-00009,Heavy Fuel Oil 380 CST   ,FUEL,DEL1,FUEL,56.344,MT,93029.08,5241630.48,122,09-08-2023,5000004813,2023,1,CC-CHN-003,600000001,FOB,,,QAS_DE_MB51
4500000191,20,ZFUE,F,B,03-11-2023,01/13/2024,600047,Essar Oil Ltd,ZIND,FUL,INR,1,LUBE-00112,Hydraulic Oil 46,LUBR,2000,TK01,23594,L,86.22,2034274.68,541,20240717,,,,MFUEL01,,FOB,SOFO,,QAS_DE_MB51
4500001295,10,FO,F,E,25-10-2023,20240916,400091,Reliance Industries Ltd,INPU,10,INR,,LUBE-00113,Gear Oil 90,LUBR,3000,FUEL,"237,79",KG,319.51,75976.28,122,20230102,5000045829,2025,2,,,FOB,Z045,,QAS_DE_MB51
4500000398,20,UB,U,B,04/30/2024,20241119,300015,IOC Bulk Fuels,1000,10,USD,83.4249,HSD-00001,High Speed Diesel BS-VI,FUEL,IN05,TK02,31.922,TO,1098.02,35050.99,101,20241023,5000074048,2025,3,MFUEL01,OR-2024-001,DDP,NT30,,QAS_DE_MB51
4500000240,20,FO,F,B,20231006,19.11.2023,800022,Gulf Oil Lubricants India,INPU,11,INR,1,HSD-00001,High Speed Diesel BS-VI   ,FUEL,DEL1,1,74.945,TO,94635.66,7092469.54,551,05/23/2024,,,,CC-CHN-003,OR-2024-002,,NT45,,QAS_DE_MB51
4500000075,30,FO,F,,15-11-2023,20240618,600047,Essar Oil,INPU,FUL,INR,1,LUBE-00112,Hydraulic Oil 46,LUBR,5000,TK02,16731,L,93.89,1570873.59,101,08/31/2024,5000083735,2023,3,,,,NT30,,QAS_DE_MB51
4514752443,30,FO,F,U,15.11.2023,20230908,300015,IOC Bulk Fuels,1000,F02,INR,,MS-000023,Motor Spirit Petrol BS-VI,FUEL,2000,10,30.109,KL,85289.93,2567994.5,541,13.12.2023,,,,MFUEL01,OR-2024-001,EXW,NT30,,QAS_DE_MB51
4500001455,20,UB,U,,05/28/2023,26-08-2023,500033,Shell India,1000,ZZ1,INR,1,MS-000023,Motor Spirit Petrol,FUEL,KOL1,FT01,18236,L,86.83,1583431.88,261,20240923,,,,2000010,,CFR,14,,QAS_DE_MB51
4500001092,30,FO,F,U,07.09.2023,20240228,500033,Shell India Markets Pvt,CORP,F02,USD,83.3707,MS-000023,Motor Spirit Petrol BS-VI,FUEL,MUMB,TANK,173.654,KL,1115.44,193700.62,102,20240508,5000086849,2025,1,2000010,,DDP,NT30,,QAS_DE_MB51
4512330636,30,ZFU,F,B,31.05.2023,10/13/2024,300015,IOC Bulk Fuels,1000,F02,,,GRSE-0031,Grease MP2,LUBR,2000,TK02,201.09,KG,286.69,57650.49,122,08.04.2024,5000056980,2025,3,,,DAP,Z045,,QAS_DE_MB51
4500001439,30,ZFU,F,E,20240220,22.11.2023,100042,BPCL Fuel Supply Ltd,ZIND,10,INR,1,HSD-00001,High Speed Diesel BS-VI,FUEL,IN05,TANK,35.509,TO,89112.55,3164297.54,101,20240712,5000017600,2023,1,2000010,,,NT45,,QAS_DE_MB51
4500000922,10,UB,U,U,08.01.2023,20230710,800022,Gulf Oil Lubricants India,ZIND,11,INR,,HFO-00009,Heavy Fuel Oil 380 CST   ,FUEL,IN04,FUEL,54.581,MT,95412.52,5207710.75,551,31.08.2023,,,,CC-MUM-001,,CFR,SOFO,,QAS_DE_MB51
4500001851,10,ZFUE,F,U,25.04.2024,20240425,500033,Shell India,IN00,ZZ1,INR,,HSD-00001,High Speed Diesel,FUEL,AHM1,TK02,"48033,0",L,92.98,4466108.34,261,20231206,,,,,,CFR,1,,QAS_DE_MB51
4511871488,30,FO,F,U,04.06.2023,28-06-2023,200078,HPCL Petroleum Corp,INPU,ZF1,INR,1,HSD-00001,High Speed Diesel,FUEL,IN01,,13137,L,92.01,1208735.37,261,01/14/2024,,,,CC-CHN-003,OR-2024-002,,NT45,,QAS_DE_MB51
4500000976,30,UB,U,,20240204,20230828,100042,BPCL Fuel Supply Ltd,1000,F01,INR,1,LUBE-00111,Engine Oil 15W40,LUBR,CHN1,1,21793,L,87.89,1915386.77,551,29.05.2023,,,,2000010,,CFR,14,,QAS_DE_MB51
4500000369,10,FO,F,E,20230311,20241119,300015,IOC Bulk Fuels,CORP,PET,INR,,GRSE-0031,Grease MP2,LUBR,IN_MUM,1,345.89,KG,252.73,87416.78,541,11.04.2023,,,,CC-MUM-001,OR-2024-001,FOB,NT30,,QAS_DE_MB51
4500000156,20,ZFU,F,U,11/14/2024,13.03.2024,400091,Reliance Industries Ltd,1000,FUL,USD,84.4919,ATF-00005,Aviation Turbine Fuel,FUEL,MUMB,FT01,391.462,KL,"1051,17",411493.11,122,20231128,5000064450,2023,5,1000020,,,Z030,,QAS_DE_MB51
4500000039,10,NB,F,B,08.02.2023,30.10.2024,400091,Reliance Industries,1000,F01,INR,1,LUBE-00111,Engine Oil 15W40,LUBR,IN_MUM,FT01,16559,L,"88,91",1472260.69,261,20230930,,,,DFUEL02,,,NT30,,QAS_DE_MB51
4500000942,20,ZFU,F,B,20240721,20241025,300015,IOC Bulk Fuels,CORP,F01,INR,1,LUBE-00112,Hydraulic Oil 46,LUBR,CHN1,TANK,"15014,0",L,88.9,1334744.6,541,29.01.2024,,,,DFUEL02,OR-2024-002,,,,QAS_DE_MB51
4500000632,70,NB,F,U,31.10.2024,20230502,600047,Essar Oil Ltd,CORP,ZZ1,INR,,LUBE-00112,Hydraulic Oil 46,LUBR,IN05,,43523,L,90.37,3933173.51,541,14-04-2024,,,,CC-DEL-002,OR-2024-001,EXW,NT45,X,QAS_DE_MB51
4500001637,10,NB,F,E,20241125,20230727,300015,IOC Bulk Fuels,CORP,FUL,INR,1,MS-000023,Motor Spirit Petrol BS-VI,FUEL,1100,FT01,290.104,KL,86373.29,25057236.92,102,04-05-2023,5000015826,2024,2,CC-MUM-001,,,Z030,,QAS_DE_MB51
4500000015,10,NB,F,,20231018,29.10.2024,200078,HPCL Petroleum Corp,ZIND,11,INR,1,MS-000023,Motor Spirit Petrol BS-VI   ,FUEL,1100,TANK,107.049,KL,91398.26,9784092.33,122,02.05.2024,5000094004,2024,5,CC-CHN-003,,EXW,Z030,,QAS_DE_MB51
4512503452,30,ZFUE,F,U,13.06.2023,20240430,100042,BPCL Fuel Supply Ltd,ZIND,PET,INR,1,ADV-00200,AdBlue DEF Solution   ,CHEM,AHM1,1,18273,L,87.1,1591578.3,101,20230214,5000070432,2023,2,DFUEL02,OR-2024-001,EXW,SOFO,,QAS_DE_MB51
4500001511,10,ZFU,F,E,20230317,01/20/2024,400091,  Reliance Industries Ltd,INPU,PET,INR,,ATF-00005,Aviation Turbine Fuel,FUEL,IN03,TK01,6820.04,GAL,328.65,2241406.15,101,20240511,5000082840,2024,3,2000010,600000001,CFR,NT45,,QAS_DE_MB51
4500001307,10,ZFU,F,E,20230824,14-08-2024,400091,Reliance Industries,IN00,10,INR,,KER-00004,Kerosene SKO,FUEL,KOL1,TK01,497.854,KL,90915.81,45262799.67,101,20240618,5000032483,2024,4,,,,1,X,QAS_DE_MB51
4510208423,30,ZFUE,F,,20230516,21-02-2024,600047,Essar Oil,CORP,11,INR,1,HSD-00001,High Speed Diesel BS-VI,FUEL,5000,,49.911,KL,89797.83,4481899.49,102,02.09.2023,5000060786,2023,4,,,CIF,NT30,,QAS_DE_MB51
4500000166,20,ZFUE,F,U,20241121,26.02.2023,500033,Shell India Markets Pvt,INPU,11,USD,,HSD-00001,High Speed Diesel BS-VI,FUEL,IN03,TK01,185.967,KL,1092.11,203096.42,101,20230222,5000018141,2024,2,,OR-2024-002,EXW,Z030,,QAS_DE_MB51
4500001027,10,ZFU,F,E,11/25/2024,26.04.2024,500033,Shell India Markets Pvt,INPU,F01,INR,1,KER-00004,Kerosene SKO,FUEL,DEL1,FT01,187.232,KL,91733.06,17175364.29,541,20231027,,,,DFUEL02,OR-2024-001,FOB,NT45,,QAS_DE_MB51
4500000861,30,UB,U,E,20230306,20230122,400091,Reliance Industries,IN00,F01,USD,84.0736,MS-000023,Motor Spirit Petrol,FUEL,MUMB,,26029,L,1.06,27590.74,101,08/26/2023,5000071888,2024,4,DFUEL02,,CFR,Z030,,QAS_DE_MB51
4500000330,20,UB,U,E,11/13/2024,06-07-2023,700088,Petronet LNG Ltd,IN00,10,USD,82.869,HSD-00001,High Speed Diesel BS-VI,FUEL,3000,FUEL,25.37,KL,1055.88,26787.68,101,20230615,5000019391,2024,4,,OR-2024-001,CIF,,,QAS_DE_MB51
4500000594,30,ZFUE,F,B,01.08.2024,20241113,400091,Reliance Industries,IN00,F01,USD,82.7338,LUBE-00113,Gear Oil 90,LUBR,MUMB,TK01,65.03,KG,"3,26",212,261,20240328,,,,CC-MUM-001,,EXW,Z030,,QAS_DE_MB51
4500000651,30,FO,F,U,20240105,27-02-2023,200078,HPCL Petroleum Corp,1000,ZZ1,INR,1,HSD-00001,High Speed Diesel BS-VI,FUEL,DEL1,,75.193,TO,90277.2,6788213.5,551,20240313,,,,,OR-2024-002,,,,QAS_DE_MB51
4500000839,20,NB,F,B,18.04.2024,20240229,200078,HPCL Petroleum Corp,INPU,ZZ1,USD,83.104,ATF-00005,Aviation Turbine Fuel,FUEL,IN01,,12568.11,GAL,3.97,49895.4,551,20230521,,,,,,,NT30,,QAS_DE_MB51
4516069317,30,NB,F,E,22.09.2023,07.05.2024,400091,Reliance Industries Ltd,CORP,PET,INR,,ATF-00005,Aviation Turbine Fuel   ,FUEL,3000,TANK,410.049,KL,88732.02,36384476.07,261,02-05-2024,,,,1000020,600000001,DDP,,,QAS_DE_MB51
4500001227,30,ZFUE,F,E,20231105,11/27/2023,100042,BPCL Fuel Supply Ltd,INPU,F02,INR,1,LUBE-00112,Hydraulic Oil 46,LUBR,CHN1,TANK,29044,L,"93,23",2707772.12,101,20240107,5000013424,2023,2,2000010,,FOB,,,QAS_DE_MB51
4500000906,30,ZFU,F,U,20231217,06/19/2024,100042,BPCL Fuel Supply Ltd,1000,ZZ1,USD,,MS-000023,Motor Spirit Petrol,FUEL,IN01,TANK,40747,L,1.04,42376.88,541,20231108,,,,1000010,,FOB,1,,QAS_DE_MB51
4510172342,10,UB,U,B,30.07.2023,07-05-2023,100042,BPCL Fuel Supply Ltd,1000,F01,INR,1,ATF-00005,Aviation Turbine Fuel,FUEL,IN04,,5597.24,GAL,323.63,1811434.78,102,20230724,5000095493,2025,2,,,CIF,Z030,,QAS_DE_MB51
4515952931,20,ZFU,F,,20230822,20240310,200078,HPCL Petroleum Corp,1000,PET,INR,1,HSD-00001,High Speed Diesel BS-VI,FUEL,3000,,22.953,TO,89087.3,2044820.8,101,20231118,5000015167,2024,3,,OR-2024-001,EXW,,,QAS_DE_MB51
4500000812,30,NB,F,,20230527,20241123,200078,HPCL Petroleum Corp,CORP,10,INR,1,HSD-00001,High Speed Diesel,FUEL,IN04,10,37097,L,93.92,3484150.24,122,27-08-2024,5000016090,2023,4,1000010,,CFR,,,QAS_DE_MB51
4500000473,10,NB,F,U,02/24/2023,20230131,400091,Reliance Industries,IN00,ZZ1,INR,,LUBE-00111,Engine Oil 15W40,LUBR,4000,FT01,48606,L,88.83,4317670.98,261,25.05.2024,,,,,,,SOFO,,QAS_DE_MB51
4500000771,10,UB,U,E,11-06-2024,20230203,300015,IOC Bulk Fuels,1000,11,INR,1,HSD-00001,High Speed Diesel BS-VI,FUEL,IN05,,33.665,TO,91445.45,3078511.07,122,11-07-2023,5000089833,2025,5,CC-DEL-002,,,,,QAS_DE_MB51
4500000751,30,FO,F,,20241002,20240820,700088,  Petronet LNG Ltd,INPU,F01,INR,,LUBE-00112,Hydraulic Oil 46,LUBR,CHN1,FT01,49598,L,"89,12",4420173.76,101,20230410,5000039965,2023,3,1000010,,,,,QAS_DE_MB51
